Validator,PT_VERSION,2.11.0
Validator,HIP_VERSION,702
Validator,HIPBLASLT_VERSION,100201-5b515cf1bc
Validator,GCN_ARCH_NAME,gfx1100
Validator,ROCBLAS_VERSION,5.2.0.5b515cf1bc
GemmTunableOp_float_TN,tn_768_36_128_ld_128_128_768,Gemm_Rocblas_-1140855908,0.0190437
GemmTunableOp_float_TN,tn_768_36_768_ld_768_768_768,Gemm_Rocblas_-1140855728,0.0632673
GemmTunableOp_float_TN,tn_2048_36_768_ld_768_768_2048,Gemm_Rocblas_-1140855706,0.106563
GemmTunableOp_float_TN,tn_768_36_2048_ld_2048_2048_768,Gemm_Rocblas_-1140855791,0.13805
GemmTunableOp_float_TN,tn_768_1_768_ld_768_27648_768,Gemm_Rocblas_-1140855869,0.0371861
GemmTunableOp_float_TN,tn_512_36_768_ld_768_768_512,Gemm_Rocblas_-1140855912,0.0432047
GemmTunableOp_float_TN,tn_1024_1_128_ld_128_256_1024,Gemm_Rocblas_-1140855872,0.0142107
GemmTunableOp_float_TN,tn_50_36_512_ld_512_512_50,Gemm_Rocblas_-1140855865,0.0170107
GemmTunableOp_float_NN,nn_96_640_36_ld_96_36_96,Gemm_Rocblas_-1140853674,0.0128858
GemmTunableOp_float_TN,tn_512_1_128_ld_128_256_512,Gemm_Rocblas_-1140855873,0.0113758
GemmTunableOp_float_NN,nn_96_512_36_ld_96_36_96,Gemm_Rocblas_-1140853956,0.0117265
GemmTunableOp_float_TN,tn_1028_1_128_ld_128_256_1028,Gemm_Rocblas_-1140855872,0.0139386
GemmTunableOp_float_TN,tn_2048_1_128_ld_128_256_2048,Gemm_Rocblas_-1140855872,0.0206467
GemmTunableOp_float_TN,tn_2180_1_128_ld_128_256_2180,Gemm_Rocblas_-1140855869,0.0214502
GemmTunableOp_float_NT,nt_1_57600_9_ld_1_57600_1,Default,0.0346638
GemmTunableOp_float_TN,tn_256_1_128_ld_128_256_256,Gemm_Rocblas_-1140855933,0.0101675
GemmTunableOp_float_TN,tn_768_216_128_ld_128_128_768,Gemm_Rocblas_-1140855718,0.0414215
GemmTunableOp_float_TN,tn_768_216_768_ld_768_768_768,Gemm_Rocblas_-1140855677,0.135101
GemmTunableOp_float_TN,tn_2048_216_768_ld_768_768_2048,Gemm_Rocblas_-1140855677,0.257694
GemmTunableOp_float_TN,tn_768_216_2048_ld_2048_2048_768,Gemm_Rocblas_-1140855676,0.303824
GemmTunableOp_float_TN,tn_768_1_768_ld_768_165888_768,Gemm_Rocblas_-9,0.0364473
GemmTunableOp_float_TN,tn_512_216_768_ld_768_768_512,Gemm_Rocblas_-1140855729,0.0957435
GemmTunableOp_float_TN,tn_50_216_512_ld_512_512_50,Gemm_Rocblas_-1140855902,0.0234541
GemmTunableOp_float_NN,nn_558_640_216_ld_558_216_558,Gemm_Rocblas_-1140853677,0.0766331
GemmTunableOp_float_NN,nn_558_512_216_ld_558_216_558,Gemm_Rocblas_-1140853718,0.0629222
GemmTunableOp_float_NT,nt_1_334800_9_ld_1_334800_1,Default,0.175868
GemmTunableOp_float_TN,tn_768_294_128_ld_128_128_768,Gemm_Rocblas_-1140855707,0.050708
GemmTunableOp_float_TN,tn_768_294_768_ld_768_768_768,Gemm_Rocblas_-1140855675,0.151177
GemmTunableOp_float_TN,tn_2048_294_768_ld_768_768_2048,Gemm_Rocblas_-1140855675,0.406667
GemmTunableOp_float_TN,tn_768_294_2048_ld_2048_2048_768,Gemm_Rocblas_-1140855644,0.378303
GemmTunableOp_float_TN,tn_768_1_768_ld_768_225792_768,Gemm_Rocblas_-9,0.0369426
GemmTunableOp_float_TN,tn_512_294_768_ld_768_768_512,Gemm_Rocblas_-1140855675,0.113679
GemmTunableOp_float_TN,tn_50_294_512_ld_512_512_50,Gemm_Rocblas_-1140855911,0.0277012
GemmTunableOp_float_NN,nn_739_640_294_ld_739_294_739,Gemm_Rocblas_-1140853636,0.101311
GemmTunableOp_float_NN,nn_739_512_294_ld_739_294_739,Gemm_Rocblas_-1140853637,0.0869113
GemmTunableOp_float_NT,nt_1_443400_9_ld_1_443400_1,Default,0.234645
GemmTunableOp_float_NN,nn_567_640_216_ld_567_216_567,Gemm_Rocblas_-1140853677,0.0724734
GemmTunableOp_float_NN,nn_567_512_216_ld_567_216_567,Gemm_Rocblas_-1140853718,0.0634737
GemmTunableOp_float_NT,nt_1_340200_9_ld_1_340200_1,Default,0.177256
GemmTunableOp_float_TN,tn_768_252_128_ld_128_128_768,Gemm_Rocblas_-1140855755,0.047773
GemmTunableOp_float_TN,tn_768_252_768_ld_768_768_768,Gemm_Rocblas_-1140855675,0.134488
GemmTunableOp_float_TN,tn_2048_252_768_ld_768_768_2048,Gemm_Rocblas_-1140855640,0.262872
GemmTunableOp_float_TN,tn_768_252_2048_ld_2048_2048_768,Gemm_Rocblas_-1140855657,0.313152
GemmTunableOp_float_TN,tn_768_1_768_ld_768_193536_768,Gemm_Rocblas_-1140855873,0.0380423
GemmTunableOp_float_TN,tn_512_252_768_ld_768_768_512,Gemm_Rocblas_-1140855677,0.103995
GemmTunableOp_float_TN,tn_50_252_512_ld_512_512_50,Gemm_Rocblas_-1140855902,0.0255044
GemmTunableOp_float_NN,nn_600_640_252_ld_600_252_600,Gemm_Rocblas_-1140853872,0.0867253
GemmTunableOp_float_NN,nn_600_512_252_ld_600_252_600,Gemm_Rocblas_-1140853683,0.0722441
GemmTunableOp_float_NT,nt_1_360000_9_ld_1_360000_1,Gemm_Rocblas_-9,0.194501
GemmTunableOp_float_TN,tn_768_63_128_ld_128_128_768,Gemm_Rocblas_-1140855911,0.0222654
GemmTunableOp_float_TN,tn_768_63_768_ld_768_768_768,Gemm_Rocblas_-1140855706,0.0683529
GemmTunableOp_float_TN,tn_2048_63_768_ld_768_768_2048,Gemm_Rocblas_-1140855728,0.114371
GemmTunableOp_float_TN,tn_768_63_2048_ld_2048_2048_768,Gemm_Rocblas_-1140855931,0.151726
GemmTunableOp_float_TN,tn_768_1_768_ld_768_48384_768,Gemm_Rocblas_-1140855872,0.0369826
GemmTunableOp_float_TN,tn_512_63_768_ld_768_768_512,Gemm_Rocblas_-1140855912,0.0466989
GemmTunableOp_float_TN,tn_50_63_512_ld_512_512_50,Gemm_Rocblas_-1140855837,0.0184919
GemmTunableOp_float_NN,nn_179_640_63_ld_179_63_179,Gemm_Rocblas_-1140853958,0.02238
GemmTunableOp_float_NN,nn_179_512_63_ld_179_63_179,Gemm_Rocblas_-1140853966,0.0191853
GemmTunableOp_float_NT,nt_1_107400_9_ld_1_107400_1,Default,0.0600885
GemmTunableOp_float_TN,tn_768_248_128_ld_128_128_768,Gemm_Rocblas_-1140855718,0.0465511
GemmTunableOp_float_TN,tn_768_248_768_ld_768_768_768,Gemm_Rocblas_-1140855657,0.138914
GemmTunableOp_float_TN,tn_2048_248_768_ld_768_768_2048,Gemm_Rocblas_-1140855641,0.275025
GemmTunableOp_float_TN,tn_768_248_2048_ld_2048_2048_768,Gemm_Rocblas_-1140855676,0.314931
GemmTunableOp_float_TN,tn_768_1_768_ld_768_190464_768,Gemm_Rocblas_-1140855869,0.0370504
GemmTunableOp_float_TN,tn_512_248_768_ld_768_768_512,Gemm_Rocblas_-1140855759,0.10243
GemmTunableOp_float_TN,tn_50_248_512_ld_512_512_50,Gemm_Rocblas_-1140855902,0.0259765
GemmTunableOp_float_NN,nn_642_640_248_ld_642_248_642,Gemm_Rocblas_-1140853679,0.0925728
GemmTunableOp_float_NN,nn_642_512_248_ld_642_248_642,Gemm_Rocblas_-1140853653,0.0779538
GemmTunableOp_float_NT,nt_1_385200_9_ld_1_385200_1,Gemm_Rocblas_-9,0.203033
GemmTunableOp_float_TN,tn_768_281_128_ld_128_128_768,Gemm_Rocblas_-1140855755,0.0484936
GemmTunableOp_float_TN,tn_768_281_768_ld_768_768_768,Gemm_Rocblas_-1140855639,0.160598
GemmTunableOp_float_TN,tn_2048_281_768_ld_768_768_2048,Gemm_Rocblas_-1140855675,0.399705
GemmTunableOp_float_TN,tn_768_281_2048_ld_2048_2048_768,Gemm_Rocblas_-1140855667,0.376946
GemmTunableOp_float_TN,tn_768_1_768_ld_768_215808_768,Gemm_Rocblas_-1140855869,0.0368269
GemmTunableOp_float_TN,tn_512_281_768_ld_768_768_512,Gemm_Rocblas_-1140855675,0.115111
GemmTunableOp_float_TN,tn_50_281_512_ld_512_512_50,Gemm_Rocblas_-1140855755,0.0266024
GemmTunableOp_float_NN,nn_701_640_281_ld_701_281_701,Gemm_Rocblas_-1140853654,0.100369
GemmTunableOp_float_NN,nn_701_512_281_ld_701_281_701,Gemm_Rocblas_-1140853652,0.09044
GemmTunableOp_float_NT,nt_1_420600_9_ld_1_420600_1,Gemm_Rocblas_-1140854920,0.231923
GemmTunableOp_float_TN,tn_768_240_128_ld_128_128_768,Gemm_Rocblas_-1140855718,0.0468617
GemmTunableOp_float_TN,tn_768_240_768_ld_768_768_768,Gemm_Rocblas_-1140855656,0.136706
GemmTunableOp_float_TN,tn_2048_240_768_ld_768_768_2048,Gemm_Rocblas_-1140855654,0.271381
GemmTunableOp_float_TN,tn_768_240_2048_ld_2048_2048_768,Gemm_Rocblas_-1140855736,0.315311
GemmTunableOp_float_TN,tn_768_1_768_ld_768_184320_768,Gemm_Rocblas_-1140855872,0.0371735
GemmTunableOp_float_TN,tn_512_240_768_ld_768_768_512,Gemm_Rocblas_-1140855713,0.0999443
GemmTunableOp_float_TN,tn_50_240_512_ld_512_512_50,Gemm_Rocblas_-1140855911,0.0266725
GemmTunableOp_float_NN,nn_602_640_240_ld_602_240_602,Gemm_Rocblas_-1140853654,0.0837162
GemmTunableOp_float_NN,nn_602_512_240_ld_602_240_602,Gemm_Rocblas_-1140853683,0.0693625
GemmTunableOp_float_NT,nt_1_361200_9_ld_1_361200_1,Gemm_Rocblas_-1140854920,0.199179
GemmTunableOp_float_TN,tn_768_282_128_ld_128_128_768,Gemm_Rocblas_-1140855741,0.0505603
GemmTunableOp_float_TN,tn_768_282_768_ld_768_768_768,Gemm_Rocblas_-1140855675,0.151992
GemmTunableOp_float_TN,tn_2048_282_768_ld_768_768_2048,Gemm_Rocblas_-1140855675,0.395754
GemmTunableOp_float_TN,tn_768_282_2048_ld_2048_2048_768,Gemm_Rocblas_-1140855644,0.372873
GemmTunableOp_float_TN,tn_768_1_768_ld_768_216576_768,Gemm_Rocblas_-9,0.036602
GemmTunableOp_float_TN,tn_512_282_768_ld_768_768_512,Gemm_Rocblas_-1140855698,0.108575
GemmTunableOp_float_TN,tn_50_282_512_ld_512_512_50,Gemm_Rocblas_-1140855755,0.0266148
GemmTunableOp_float_NN,nn_730_640_282_ld_730_282_730,Gemm_Rocblas_-1140853679,0.103129
GemmTunableOp_float_NN,nn_730_512_282_ld_730_282_730,Gemm_Rocblas_-1140853653,0.0830305
GemmTunableOp_float_NT,nt_1_438000_9_ld_1_438000_1,Gemm_Rocblas_-9,0.230863
GemmTunableOp_float_TN,tn_768_230_128_ld_128_128_768,Gemm_Rocblas_-1140855909,0.0460863
GemmTunableOp_float_TN,tn_768_230_768_ld_768_768_768,Gemm_Rocblas_-1140855713,0.137457
GemmTunableOp_float_TN,tn_2048_230_768_ld_768_768_2048,Gemm_Rocblas_-1140855641,0.271077
GemmTunableOp_float_TN,tn_768_230_2048_ld_2048_2048_768,Gemm_Rocblas_-1140855657,0.314441
GemmTunableOp_float_TN,tn_768_1_768_ld_768_176640_768,Gemm_Rocblas_-1140855872,0.0372393
GemmTunableOp_float_TN,tn_512_230_768_ld_768_768_512,Gemm_Rocblas_-1140855729,0.0990734
GemmTunableOp_float_TN,tn_50_230_512_ld_512_512_50,Gemm_Rocblas_-1140855903,0.0248319
GemmTunableOp_float_NN,nn_579_640_230_ld_579_230_579,Gemm_Rocblas_-1140853868,0.082445
GemmTunableOp_float_NN,nn_579_512_230_ld_579_230_579,Gemm_Rocblas_-1140853676,0.0688431
GemmTunableOp_float_NT,nt_1_347400_9_ld_1_347400_1,Gemm_Rocblas_-1140854920,0.187161
GemmTunableOp_float_TN,tn_768_196_128_ld_128_128_768,Gemm_Rocblas_-1140855741,0.0427359
GemmTunableOp_float_TN,tn_768_196_768_ld_768_768_768,Gemm_Rocblas_-1140855656,0.132304
GemmTunableOp_float_TN,tn_2048_196_768_ld_768_768_2048,Gemm_Rocblas_-1140855637,0.266818
GemmTunableOp_float_TN,tn_768_196_2048_ld_2048_2048_768,Gemm_Rocblas_-1140855667,0.317268
GemmTunableOp_float_TN,tn_768_1_768_ld_768_150528_768,Gemm_Rocblas_-1140855872,0.0376176
GemmTunableOp_float_TN,tn_512_196_768_ld_768_768_512,Gemm_Rocblas_-1140855674,0.0982692
GemmTunableOp_float_TN,tn_50_196_512_ld_512_512_50,Gemm_Rocblas_-1140855916,0.0235362
GemmTunableOp_float_NN,nn_518_640_196_ld_518_196_518,Gemm_Rocblas_-1140853676,0.0680119
GemmTunableOp_float_NN,nn_518_512_196_ld_518_196_518,Gemm_Rocblas_-1140853718,0.0612003
GemmTunableOp_float_NT,nt_1_310800_9_ld_1_310800_1,Default,0.174303
GemmTunableOp_float_TN,tn_768_150_128_ld_128_128_768,Gemm_Rocblas_-1140855907,0.0345537
GemmTunableOp_float_TN,tn_768_150_768_ld_768_768_768,Gemm_Rocblas_-1140855755,0.121288
GemmTunableOp_float_TN,tn_2048_150_768_ld_768_768_2048,Gemm_Rocblas_-1140855730,0.213977
GemmTunableOp_float_TN,tn_768_150_2048_ld_2048_2048_768,Gemm_Rocblas_-1140855720,0.267904
GemmTunableOp_float_TN,tn_768_1_768_ld_768_115200_768,Gemm_Rocblas_-9,0.0378713
GemmTunableOp_float_TN,tn_512_150_768_ld_768_768_512,Gemm_Rocblas_-1140855759,0.0835194
GemmTunableOp_float_TN,tn_50_150_512_ld_512_512_50,Gemm_Rocblas_-1140855821,0.0215241
GemmTunableOp_float_NN,nn_388_640_150_ld_388_150_388,Gemm_Rocblas_-1140853695,0.0498958
GemmTunableOp_float_NN,nn_388_512_150_ld_388_150_388,Gemm_Rocblas_-1140853718,0.0424049
GemmTunableOp_float_NT,nt_1_232800_9_ld_1_232800_1,Gemm_Rocblas_-9,0.127599
GemmTunableOp_float_TN,tn_768_280_128_ld_128_128_768,Gemm_Rocblas_-1140855741,0.0508208
GemmTunableOp_float_TN,tn_768_280_768_ld_768_768_768,Gemm_Rocblas_-1140855675,0.159686
GemmTunableOp_float_TN,tn_2048_280_768_ld_768_768_2048,Gemm_Rocblas_-1140855759,0.404153
GemmTunableOp_float_TN,tn_768_280_2048_ld_2048_2048_768,Gemm_Rocblas_-1140855648,0.382386
GemmTunableOp_float_TN,tn_768_1_768_ld_768_215040_768,Gemm_Rocblas_-1140855869,0.0375542
GemmTunableOp_float_TN,tn_512_280_768_ld_768_768_512,Gemm_Rocblas_-1140855639,0.113953
GemmTunableOp_float_TN,tn_50_280_512_ld_512_512_50,Gemm_Rocblas_-1140855755,0.0269519
GemmTunableOp_float_NN,nn_694_640_280_ld_694_280_694,Gemm_Rocblas_-1140853654,0.105762
GemmTunableOp_float_NN,nn_694_512_280_ld_694_280_694,Gemm_Rocblas_-1140853646,0.0853104
GemmTunableOp_float_NT,nt_1_416400_9_ld_1_416400_1,Gemm_Rocblas_-9,0.216615
GemmTunableOp_float_NN,nn_548_640_248_ld_548_248_548,Gemm_Rocblas_-1140853868,0.0725877
GemmTunableOp_float_NN,nn_548_512_248_ld_548_248_548,Gemm_Rocblas_-1140853718,0.0687244
GemmTunableOp_float_NT,nt_1_328800_9_ld_1_328800_1,Gemm_Rocblas_-9,0.184636
GemmTunableOp_float_NN,nn_606_640_281_ld_606_281_606,Gemm_Rocblas_-1140853865,0.0951954
GemmTunableOp_float_NN,nn_606_512_281_ld_606_281_606,Gemm_Rocblas_-1140853865,0.0750684
GemmTunableOp_float_NT,nt_1_363600_9_ld_1_363600_1,Gemm_Rocblas_-9,0.227213
GemmTunableOp_float_NN,nn_527_640_240_ld_527_240_527,Gemm_Rocblas_-1140853675,0.0859978
GemmTunableOp_float_NN,nn_527_512_240_ld_527_240_527,Gemm_Rocblas_-1140853676,0.0666221
GemmTunableOp_float_NT,nt_1_316200_9_ld_1_316200_1,Gemm_Rocblas_-1140854919,0.195991
GemmTunableOp_float_NN,nn_630_640_282_ld_630_282_630,Gemm_Rocblas_-1140853867,0.0961484
GemmTunableOp_float_NN,nn_630_512_282_ld_630_282_630,Gemm_Rocblas_-1140853871,0.0762742
GemmTunableOp_float_NT,nt_1_378000_9_ld_1_378000_1,Gemm_Rocblas_-9,0.199112
GemmTunableOp_float_NN,nn_518_640_230_ld_518_230_518,Gemm_Rocblas_-1140853677,0.0878713
GemmTunableOp_float_NN,nn_518_512_230_ld_518_230_518,Gemm_Rocblas_-1140853727,0.0661103
GemmTunableOp_float_NN,nn_451_640_196_ld_451_196_451,Gemm_Rocblas_-1140853704,0.0652708
GemmTunableOp_float_NN,nn_451_512_196_ld_451_196_451,Gemm_Rocblas_-1140853653,0.0528635
GemmTunableOp_float_NT,nt_1_270600_9_ld_1_270600_1,Gemm_Rocblas_-1140854860,0.163873
GemmTunableOp_float_NN,nn_354_640_150_ld_354_150_354,Gemm_Rocblas_-1140853974,0.0492787
GemmTunableOp_float_NN,nn_354_512_150_ld_354_150_354,Gemm_Rocblas_-1140853677,0.0391456
GemmTunableOp_float_NT,nt_1_212400_9_ld_1_212400_1,Gemm_Rocblas_-9,0.123429
GemmTunableOp_float_NN,nn_620_640_280_ld_620_280_620,Gemm_Rocblas_-1140853676,0.107113
GemmTunableOp_float_NN,nn_620_512_280_ld_620_280_620,Gemm_Rocblas_-1140853883,0.0840749
GemmTunableOp_float_NT,nt_1_372000_9_ld_1_372000_1,Gemm_Rocblas_-1140854912,0.210134
GemmTunableOp_float_TN,tn_768_381_128_ld_128_128_768,Default,0.0657997
GemmTunableOp_float_TN,tn_768_381_768_ld_768_768_768,Gemm_Rocblas_-1140855676,0.209943
GemmTunableOp_float_TN,tn_2048_381_768_ld_768_768_2048,Gemm_Rocblas_-1140855737,0.491381
GemmTunableOp_float_TN,tn_768_381_2048_ld_2048_2048_768,Gemm_Rocblas_-1140855669,0.543682
GemmTunableOp_float_TN,tn_768_1_768_ld_768_292608_768,Gemm_Rocblas_-9,0.040806
GemmTunableOp_float_TN,tn_512_381_768_ld_768_768_512,Gemm_Rocblas_-1140855639,0.131352
GemmTunableOp_float_TN,tn_50_381_512_ld_512_512_50,Gemm_Rocblas_-1140855902,0.0279229
GemmTunableOp_float_NN,nn_808_640_381_ld_808_381_808,Gemm_Rocblas_-1140853933,0.161577
GemmTunableOp_float_NN,nn_808_512_381_ld_808_381_808,Gemm_Rocblas_-1140853871,0.118615
GemmTunableOp_float_NT,nt_1_484800_9_ld_1_484800_1,Gemm_Rocblas_-1140854812,0.277077
GemmTunableOp_float_TN,tn_768_203_128_ld_128_128_768,Gemm_Rocblas_-1140855742,0.0463636
GemmTunableOp_float_TN,tn_768_203_768_ld_768_768_768,Gemm_Rocblas_-1140855657,0.142987
GemmTunableOp_float_TN,tn_2048_203_768_ld_768_768_2048,Gemm_Rocblas_-1140855676,0.267362
GemmTunableOp_float_TN,tn_768_203_2048_ld_2048_2048_768,Gemm_Rocblas_-1140855928,0.333139
GemmTunableOp_float_TN,tn_768_1_768_ld_768_155904_768,Gemm_Rocblas_-9,0.0383337
GemmTunableOp_float_TN,tn_512_203_768_ld_768_768_512,Gemm_Rocblas_-1140855714,0.0979161
GemmTunableOp_float_TN,tn_50_203_512_ld_512_512_50,Gemm_Rocblas_-1140855902,0.0245389
GemmTunableOp_float_NN,nn_480_640_203_ld_480_203_480,Gemm_Rocblas_-1140853865,0.0648677
GemmTunableOp_float_NN,nn_480_512_203_ld_480_203_480,Gemm_Rocblas_-1140853925,0.0575975
GemmTunableOp_float_NT,nt_1_288000_9_ld_1_288000_1,Default,0.165349
GemmTunableOp_float_TN,tn_768_409_128_ld_128_128_768,Gemm_Rocblas_-1140855911,0.0757685
GemmTunableOp_float_TN,tn_768_409_768_ld_768_768_768,Gemm_Rocblas_-1140855641,0.213493
GemmTunableOp_float_TN,tn_2048_409_768_ld_768_768_2048,Gemm_Rocblas_-1140855730,0.514549
GemmTunableOp_float_TN,tn_768_409_2048_ld_2048_2048_768,Gemm_Rocblas_-1140855748,0.502121
GemmTunableOp_float_TN,tn_768_1_768_ld_768_314112_768,Gemm_Rocblas_-1140855837,0.045906
GemmTunableOp_float_TN,tn_512_409_768_ld_768_768_512,Gemm_Rocblas_-1140855656,0.151347
GemmTunableOp_float_TN,tn_50_409_512_ld_512_512_50,Gemm_Rocblas_-1140855911,0.03022
GemmTunableOp_float_NN,nn_825_640_409_ld_825_409_825,Gemm_Rocblas_-1140853866,0.163788
GemmTunableOp_float_NN,nn_825_512_409_ld_825_409_825,Gemm_Rocblas_-1140853719,0.125128
GemmTunableOp_float_NT,nt_1_495000_9_ld_1_495000_1,Gemm_Rocblas_-9,0.304134
GemmTunableOp_float_TN,tn_768_255_128_ld_128_128_768,Gemm_Rocblas_-1140855742,0.0516611
GemmTunableOp_float_TN,tn_768_255_768_ld_768_768_768,Gemm_Rocblas_-1140855672,0.160548
GemmTunableOp_float_TN,tn_2048_255_768_ld_768_768_2048,Gemm_Rocblas_-1140855653,0.295999
GemmTunableOp_float_TN,tn_768_255_2048_ld_2048_2048_768,Gemm_Rocblas_-1140855657,0.330419
GemmTunableOp_float_TN,tn_768_1_768_ld_768_195840_768,Gemm_Rocblas_-1140855913,0.0457813
GemmTunableOp_float_TN,tn_512_255_768_ld_768_768_512,Gemm_Rocblas_-1140855735,0.104712
GemmTunableOp_float_TN,tn_50_255_512_ld_512_512_50,Gemm_Rocblas_-1140855916,0.0268425
GemmTunableOp_float_NN,nn_550_640_255_ld_550_255_550,Gemm_Rocblas_-1140853868,0.0841603
GemmTunableOp_float_NN,nn_550_512_255_ld_550_255_550,Gemm_Rocblas_-1140853871,0.0675266
GemmTunableOp_float_NT,nt_1_330000_9_ld_1_330000_1,Gemm_Rocblas_-1140854912,0.190371
GemmTunableOp_float_TN,tn_768_261_128_ld_128_128_768,Gemm_Rocblas_-1140855760,0.0533403
GemmTunableOp_float_TN,tn_768_261_768_ld_768_768_768,Gemm_Rocblas_-1140855639,0.175455
GemmTunableOp_float_TN,tn_2048_261_768_ld_768_768_2048,Gemm_Rocblas_-1140855761,0.413145
GemmTunableOp_float_TN,tn_768_261_2048_ld_2048_2048_768,Gemm_Rocblas_-1140855720,0.378403
GemmTunableOp_float_TN,tn_768_1_768_ld_768_200448_768,Gemm_Rocblas_-1140855912,0.0448948
GemmTunableOp_float_TN,tn_512_261_768_ld_768_768_512,Gemm_Rocblas_-1140855743,0.131727
GemmTunableOp_float_TN,tn_50_261_512_ld_512_512_50,Gemm_Rocblas_-1140855902,0.0262325
GemmTunableOp_float_NN,nn_594_640_261_ld_594_261_594,Gemm_Rocblas_-1140853868,0.0911125
GemmTunableOp_float_NN,nn_594_512_261_ld_594_261_594,Gemm_Rocblas_-1140853865,0.068688
GemmTunableOp_float_NT,nt_1_356400_9_ld_1_356400_1,Gemm_Rocblas_-9,0.200883
GemmTunableOp_float_TN,tn_768_172_128_ld_128_128_768,Gemm_Rocblas_-1140855903,0.038983
GemmTunableOp_float_TN,tn_768_172_768_ld_768_768_768,Gemm_Rocblas_-1140855675,0.133424
GemmTunableOp_float_TN,tn_2048_172_768_ld_768_768_2048,Gemm_Rocblas_-1140855635,0.2303
GemmTunableOp_float_TN,tn_768_172_2048_ld_2048_2048_768,Gemm_Rocblas_-1140855743,0.292968
GemmTunableOp_float_TN,tn_768_1_768_ld_768_132096_768,Gemm_Rocblas_-1140855873,0.0412984
GemmTunableOp_float_TN,tn_512_172_768_ld_768_768_512,Gemm_Rocblas_-1140855760,0.0874324
GemmTunableOp_float_TN,tn_50_172_512_ld_512_512_50,Gemm_Rocblas_-1140855821,0.0236517
GemmTunableOp_float_NN,nn_418_640_172_ld_418_172_418,Gemm_Rocblas_-1140853695,0.0577453
GemmTunableOp_float_NN,nn_418_512_172_ld_418_172_418,Gemm_Rocblas_-1140853695,0.0460839
GemmTunableOp_float_NT,nt_1_250800_9_ld_1_250800_1,Default,0.14244
GemmTunableOp_float_TN,tn_768_170_128_ld_128_128_768,Gemm_Rocblas_-1140855729,0.0402681
GemmTunableOp_float_TN,tn_768_170_768_ld_768_768_768,Gemm_Rocblas_-1140855719,0.125505
GemmTunableOp_float_TN,tn_2048_170_768_ld_768_768_2048,Gemm_Rocblas_-1140855728,0.230703
GemmTunableOp_float_TN,tn_768_170_2048_ld_2048_2048_768,Gemm_Rocblas_-1140855720,0.286685
GemmTunableOp_float_TN,tn_768_1_768_ld_768_130560_768,Gemm_Rocblas_-9,0.0389625
GemmTunableOp_float_TN,tn_512_170_768_ld_768_768_512,Gemm_Rocblas_-1140855734,0.0858655
GemmTunableOp_float_TN,tn_50_170_512_ld_512_512_50,Gemm_Rocblas_-1140855916,0.0244652
GemmTunableOp_float_NN,nn_401_640_170_ld_401_170_401,Gemm_Rocblas_-1140853677,0.0567511
GemmTunableOp_float_NN,nn_401_512_170_ld_401_170_401,Gemm_Rocblas_-1140853718,0.0449518
GemmTunableOp_float_NT,nt_1_240600_9_ld_1_240600_1,Gemm_Rocblas_-1140854916,0.13437
GemmTunableOp_float_TN,tn_768_202_128_ld_128_128_768,Gemm_Rocblas_-1140855909,0.0446744
GemmTunableOp_float_TN,tn_768_202_768_ld_768_768_768,Gemm_Rocblas_-1140855762,0.14584
GemmTunableOp_float_TN,tn_2048_202_768_ld_768_768_2048,Gemm_Rocblas_-1140855657,0.279389
GemmTunableOp_float_TN,tn_768_202_2048_ld_2048_2048_768,Gemm_Rocblas_-1140855657,0.323425
GemmTunableOp_float_TN,tn_768_1_768_ld_768_155136_768,Gemm_Rocblas_-1140855873,0.0407771
GemmTunableOp_float_TN,tn_512_202_768_ld_768_768_512,Gemm_Rocblas_-1140855706,0.0953112
GemmTunableOp_float_TN,tn_50_202_512_ld_512_512_50,Gemm_Rocblas_-1140855902,0.0242672
GemmTunableOp_float_NN,nn_440_640_202_ld_440_202_440,Gemm_Rocblas_-1140853676,0.0640733
GemmTunableOp_float_NN,nn_440_512_202_ld_440_202_440,Gemm_Rocblas_-1140853676,0.0530129
GemmTunableOp_float_NT,nt_1_264000_9_ld_1_264000_1,Gemm_Rocblas_-9,0.159566
GemmTunableOp_float_NN,nn_537_640_282_ld_537_282_537,Gemm_Rocblas_-1140853872,0.0932714
GemmTunableOp_float_NN,nn_537_512_282_ld_537_282_537,Gemm_Rocblas_-1140853867,0.072883
GemmTunableOp_float_NT,nt_1_322200_9_ld_1_322200_1,Default,0.18634
GemmTunableOp_float_TN,tn_768_219_128_ld_128_128_768,Gemm_Rocblas_-1140855707,0.0470501
GemmTunableOp_float_TN,tn_768_219_768_ld_768_768_768,Gemm_Rocblas_-1140855675,0.140549
GemmTunableOp_float_TN,tn_2048_219_768_ld_768_768_2048,Gemm_Rocblas_-1140855758,0.278036
GemmTunableOp_float_TN,tn_768_219_2048_ld_2048_2048_768,Gemm_Rocblas_-1140855762,0.325267
GemmTunableOp_float_TN,tn_768_1_768_ld_768_168192_768,Gemm_Rocblas_-1140855873,0.0401503
GemmTunableOp_float_TN,tn_512_219_768_ld_768_768_512,Gemm_Rocblas_-1140855706,0.0915112
GemmTunableOp_float_TN,tn_50_219_512_ld_512_512_50,Gemm_Rocblas_-1140855902,0.0247991
GemmTunableOp_float_NN,nn_456_640_219_ld_456_219_456,Gemm_Rocblas_-1140853866,0.0637852
GemmTunableOp_float_NN,nn_456_512_219_ld_456_219_456,Gemm_Rocblas_-1140853925,0.0601987
GemmTunableOp_float_NT,nt_1_273600_9_ld_1_273600_1,Gemm_Rocblas_-9,0.153437
GemmTunableOp_float_TN,tn_768_264_128_ld_128_128_768,Gemm_Rocblas_-1140855741,0.0522654
GemmTunableOp_float_TN,tn_768_264_768_ld_768_768_768,Gemm_Rocblas_-1140855675,0.156297
GemmTunableOp_float_TN,tn_2048_264_768_ld_768_768_2048,Gemm_Rocblas_-1140855639,0.449749
GemmTunableOp_float_TN,tn_768_264_2048_ld_2048_2048_768,Gemm_Rocblas_-1140855648,0.37582
GemmTunableOp_float_TN,tn_768_1_768_ld_768_202752_768,Gemm_Rocblas_-9,0.0417101
GemmTunableOp_float_TN,tn_512_264_768_ld_768_768_512,Gemm_Rocblas_-1140855656,0.119679
GemmTunableOp_float_TN,tn_50_264_512_ld_512_512_50,Gemm_Rocblas_-1140855837,0.0311164
GemmTunableOp_float_NN,nn_560_640_264_ld_560_264_560,Gemm_Rocblas_-1140853868,0.0881004
GemmTunableOp_float_NN,nn_560_512_264_ld_560_264_560,Gemm_Rocblas_-1140853871,0.06488
GemmTunableOp_float_NT,nt_1_336000_9_ld_1_336000_1,Gemm_Rocblas_-1140854912,0.182817
